Aaron,Aarons,Abarough,Abbey,Abbot,Abbott,Abrams,Acheson,Ackland,Ackroyd,Adams,Adcock,Addams,Adin,Adkin,Adkins,Adkinson,Adlam,Adlard,Adley,Adlington,Adshead,Afford,Aiken,Aikin,Aimson,Ainger,Ainscow,Ainslie,Aitch,Aitchison,Aizer,Akam,Akehurst,Akroyd,Alabaster,Alan,Albarado,Albin,Albinson,Alborough,Alcorn,Alden,Alderdice,Alderman,Aleshire,Alexander,Allan,Allard,Allbrook,Allen,Allison,Allitt,Allpress,Allred,Allsebrook,Allum,Almond,Altman,Amberg,Ambler,Ambrose,Amesbury,Amory,Anderson,Annese,Annon,Anstead,Anstey,Anthony,Appleford,Applegate,Appleton,Appleyard,Arbour,Arch,Archdale,Archer,Ardley,Ardron,Arliss,Armfield,Armistead,Armitstead,Armstead,Armstrong,Arnold,Artell,Arterton,Arthur,Artley,Asbridge,Ascroft,Ashbee,Ashbridge,Ashby,Ashdown,Asher,Ashfield,Ashley-Cooper,Ashpitel,Ashworth,Aspey,Asplin,Assheton,Astle,Astley,Atkin,Atkins,Atkinson,Atlee,Attrill,Auger,Austen,Austen-Leigh,Auster,Austin,Avey,Aveyard,Avory,Awford,Axford,Axon,Axtell,Axton,Aykroyd,Aylesworth,Aymes,Ayres,Ayris,Ayrton,Babbage,Babbington,Babbs,Babcock,Babel,Babington,Bacote,Badcock,Badley,Bagnall-Oakeley,Bagshaw,Bailes,Bailie,Bailie,Baily,Bain,Baines,Baiss,Baker,Balderson,Baldridge,Ball,Bambra,Bamford,Bampfylde,Bancroft,Bankert,Bankes,Barber,Barker,Barkley,Barkworth,Barley,Barleycorn,Barnard,Barnardiston,Barnbrook,Barnet,Barnett,Barnfather,Barno,Barr,Barrow,Barrowcliffe,Barrowclough,Barrows,Barry,Bartholomew,Bartlet,Bartlett,Barton,Bartrop,Basford,Basham,Baskerville,Bason,Bassham,Bastock,Batchelor,Bate,Bates,Bateson,Bateup,Batey,Batley,Batson,Battey,Battiste,Battley,Batton,Batts,Battye,Bawden,Baxendale,Baxter,Bayer,Bayfield,Bayles,Baynton,Bayntun,Beacham,Beachill,Beadon,Beadsworth,Beal,Beale,Beamont,Bean,Beanland,Beard,Beardshaw,Beardsley,Beardsworth,Beasant,Beaton,Beavers,Beck,Beckinsale,Beckley,Becks,Beckwith,Becnel,Beddington,Beddow,Bedford,Bedingfeld,Bedser,Bedsole,Beeby,Beeching,Beeks,Beer,Beere,Beevers,Begley,Belcher,Belchier,Bell,Bellamy,Bellett,Bellingham,Bellows,Bence,Benedict,Benett,Benge,Bennett,Benson,Benstock,Bentley,Benton,Berenson,Berkeley,Berker,Berry,Best,Bestall,Bethell,Bethell-Codrington,Bethune,Betmead,Bettney,Bettridge,Beverly,Beynon,Bickle,Bidder,Bidmead,Bigden,Biggins,Biggs,Bignot,Bigwood,Billman,Bimpson,Bimson,Bingley,Binnington,Bircumshaw,Bird,Birdsong,Birrell,Birtwistle,Bishop,Biswell,Black,Blackburn,Blackett,Blackett-Ord,Blackhurst,Blackie,Blackman,Blackmon,Blackmore,Blair,Blake,Blakeley,Blakely,Blakley,Blalock,Blanchfield,Blant,Blanton,Bligh,Blight,Blinkhorn,Bloodworth,Bloomer,Bloomfield,Blyth,Blythe,Boakye-Yiadom,Boleyn,Bollin,Bolton,Bomer,Bomford,Bonniwell,Bonsor,Boot,Boote,Booth,Boothby,Boothe,Booze,Borne,Bostick,Bostock,Bostwick,Bott,Botterill,Bottomley,Bottrill,Boughner,Boulding,Boulting,Boulton,Bourne,Bow,Bowers,Bowes,Bowie,Bowles,Bowry,Bowyer,Boynes,Brabin,Braceful,Bracey,Brack,Brackenridge,Brackman,Bradbeer,Bradley,Bragg,Brailsford,Brainsby,Braithwaite,Bramble,Bramley-Moore,Brannick,Branson,Branthwaite,Brassington,Bratt,Braxton,Brayton,Brazier,Breckenridge,Brewer,Brewill,Brewster,Brickey,Brickman,Bridges,Briggs,Brimson,Brinkley,Britland,Broadbridge,Broady,Brock,Brocklebank,Brokenshire,Bromfield,Bromley-Davenport,Bronson,Brookes,Brooks,Broom,Broomfield,Broomhall,Brower,Brown,Browne,Bruce,Brunton,Bryan,Bryant,Bubb,Buckby,Buckland,Buckler,Buckley,Bugden,Bulger,Bull,Burbidge,Burbridge,Burdge,Burdon,Burgess,Burke,Burks,Burn,Burney,Burnham,Burns,Burrage,Burridge,Burt,Burton,Busfield,Bush,Butcher,Butter,Butterfill,Butters,Bye,Byers,Byfield,Byram,Byrd,Byron,Bysshe,Bywater,Bywaters,Cadman,Caferro,Caito,Calder-Marshall,Caldwell,Callachan,Calladine,Calle,Calnan,Camden,Campbell,Campbell-Bannerman,Campion,Campling,Canfield,Cantrell,Cantrill,Cantwell,Caple,Capron,Capstick,Carden,Carder,Carell,Carleton,Carling,Carmichael,Carnell,Carpender,Carpenter,Carr-Gomm,Carrell,Carrington,Cartridge,Cartwright,Carvey,Carwardine,Case,Castledine,Catchpole,Catesby,Catleugh,Caton,Cauley,Cawley,Chalkley,Chalmers,Chamberlain,Chandler,Chanoine,Chaplin,Chapman,Chappell,Charman,Chatfield-Taylor,Chaucer,Cheatham,Cheeseman,Cheesman,Cherrill,Cherrington,Chesney,Chew,Chichester-Clark,Childers,Chilton,Chin,Chinn,Chippendale,Chisenhall,Chisholm,Chorlton,Chow,Chriss,Christian,Christie,Clapham,Clapton,Clark,Clarke,Clarkson,Claydon,Clayton,Clegg,Cleland,Clerk,Cleveland,Cleverley,Cleverly,Clibburn,Cliburn,Cliff,Clift,Clitheroe,Clopton,Cloud,Clower,Clowers,Clowney,Clutton-Brock,Coates,Coats,Cobb,Cobham,Coburn,Cockerell,Cockerill,Codling,Coffin,Cok,Cokley,Colbeck,Colborn,Colburn,Coldwell,Cole,Colegrove,Coleman,Colgate,Collett,Collings,Collingwood,Collins,Colvin,Colwell,Combe,Comerford,Conlee,Conly,Conn,Connell,Constable,Conway,Cook,Cooke,Cooksey,Cooling,Coombes,Coombs,Coon,Cooper,Cope,Copeland,Copestake,Copleston,Coppersmith,Coppinger,Coppock,Corbett,Corbin,Cordray,Corin,Corrie,Cortright,Costin,Cotman,Cotton,Coull,Coulthard,Cowell,Cowie,Cowman,Cownie,Cox,Cozens,Cracroft,Cramton,Crandall,Crawford,Creelman,Crerar,Crier,Crisco,Crisfield,Crisp,Crittenden,Crockett,Crofford,Crofts,Cromwell,Crosbie,Crosby,Crosfield,Cross,Crossan,Crossley,Crowley,Crowne,Cruddas,Cruise,Cruse,Crutcher,Crutchfield,Crute,Cryer,Cuddy,Culliford,Cullison,Culver,Culverhouse,Cumberbatch,Curfman,Curling,Curren,Currie,Curry,Curthoys,Cusden,Cushing,Cust,Dadswell,Dallinger,Dalman,Dalton,Dan,Danahy,Dane,Daneman,Dann,Danson,Dargie,Darwall-Smith,Darwin,Dashwood,Davenport,Davidson,Davies,Daw,Dawber,Dawkins,Dawsey,Dawson,Day,Dean,Dearborn,Debney,Deeks,Deller,Denwood,Derick,Dering,Derrick,Derwin,Devall,Devoe,Dewdney,Dewell,Dewing,Deyes,Diamond,Dickons,Dicks,Dilley,Dines,Dingley,Dinning,Dinsmore,Diprose,Dixon,Dobb,Dobbs,Dobson,Docwra,Dodwell,Dolehide,Donaldson,Doncaster,Donelan,Donovan,Douch,Dover,Dowd,Dowdall,Dowden,Dowdeswell,Dowding,Down,Downer,Downing,Downs,Downsborough,Downward,Dowson,Drake,Drinkwater,Driver,Duckworth,Dudding,Duddridge,Dudfield,Duerk,Duke,Dunavant,Duncan,Dungey,Dunham,Dunn,Durant,Durbridge,Dy,Dyal,Dyson,Eaddy,Eady,Eagle,Eagleman,Eagleton,Eakin,Eakins,Earl,Earnshaw,Easterling,Eastwood,Eatman,Eaton,Ebanks,Eddy,Edgerton,Edwardes,Edwards,Edwin,Egerton,Eggington,Egginton,Eidson,Elliot,Ellsworth,Elwes,Emerson,Emert,Emery,Engineer,England,Englefield,Engleman,English,Entwistle,Errington,Estell,Ethington,Evelyn,Every,Ewell,Exton,Eyman,Faber,Fairchild,Faithfull,Falconer,Fanshawe,Farlow,Farmer,Farrar,Farrimond,Farrow,Farthing,Farwell,Faucit,Faulkner,Fawcett,Fearon,Feasey,Feek,Feetham,Fehrman,Feilde,Fendley,Ferguson,Ferko,Ferrier,Fesperman,Fielden,Fielding,Finch,Findlay,Finley,Finn,Finnis,Firby,Firestone,Fish,Fisher,Fishlock,Fisk,FitzGeorge,Fitzsimons,Flake,Flanders,Flatley,Flear,Fleck,Fleetwood,Fleishhacker,Fleming,Fletcher,Flood,Florey,Flower,Flowers,Foat,Folwell,Foote,Ford,Forrest,Forster,Fountaine,Fowler,Fox,Foxcroft,Foxen,Frampton,Franklin,Franks,Freckelton,Freeland,French,Friese-Greene,Frith,Frobisher,Froud,Frye,Fuller,Fulljames,Furlong,Gable,Galbraith,Galloway,Galway,Gamble,Gannis,Gardiner,Garner,Garrad,Garside,Gaskin,Gates,Gathercole,Gawley,Gay,Gayfer,Gayford,Gazzard,Geddes,Gedye,Gemmell,Genge,George,Georgeson,Gerard,Gerberry,Getson,Gibbon,Gibbs,Gibson,Giffen,Gifford,Gilbert,Gilchrist,Giles,Gilford,Gilkeson,Gilliam,Gillibrand,Gillick,Gilligan,Gilson,Ginger,Glancey,Glancy,Glanton,Glasby,Glavin,Glenister,Glover,Godfrey,Godwin,Goff,Gofton,Goggin,Gold,Goldin,Golds,Goldsmith,Goodfriend,Goodgame,Goodheart,Gooding,Goodman,Goodsell,Goodson,Goodway,Goodwin,Goodwine,Goodwyn,Gordon,Gordon-Cumming,Gore-Browne,Goring,Gose,Gotts,Gould,Gowland,Gowler,Grace,Graeme,Graham,Grainger,Granger,Graves,Greasley,Greathouse,Greaves,Green,Greenall,Greenbury,Greene,Greenfield,Greengard,Greening,Greenwood,Greeson,Gregg,Greig,Grewcock,Grice-Hutchinson,Griffin,Grist,Groover,Groves,Gulliver,Gundy,Gunn,Gunton,Gusfield,Guthrie,Gwatkin,Hackett,Hackman,Hadcock,Hadfield,Hadley,Haigh,Haines,Haldeman,Haley,Hall,Hallam,Halley,Hallissey,Hallman,Halsey,Ham,Hamer,Hamerton,Hamill,Hammond,Hampson,Hamshaw,Hanbury,Hanchett,Hancock,Hanshaw,Hanson,Harbison,Hardcastle,Hardiman,Harding,Hardstaff,Hardwick,Hardwicke,Hardy,Harenc,Harewood,Hargrove,Harker,Harman,Harmon,Harold,Harp,Harper,Harrelson,Harrington,Harrold,Harsent,Hart,Hart-Davis,Hartnell,Hartnoll,Harvard,Harvie,Harwood,Haselhurst,Haseltine,Haslem,Hasley,Hassell,Hastings,Hatfield,Hattersley,Hatton,Haver,Hawe,Hawke,Hawker,Hawkes,Hawkesby,Hawking,Hawkins,Hawkinson,Hawks,Hawksley,Hawksworth,Hawley,Hawthorne,Hay,Haycocks,Haycraft,Hayday,Hayden,Hayes,Haylen,Hayles,Hayman,Haynes,Hays,Haythornthwaite,Hayward,Haywood,Hazell,Head,Headley,Heaney,Heard,Hearnshaw,Heathcoat-Amory,Heathfield,Hebb,Hector,Hedges,Hefford,Hembree,Henman,Henson,Henville,Henwood,Hepburn,Heron,Herring,Herrington,Herson,Hervey,Heseltine,Heselton,Heslop-Harrison,Heston,Hewitt,Hewlett,Hewson,Heywood,Hibler,Hickley,Hicks,Hickson,Hiern,Hiett,Higginbotham,Higgins,Higham,Hill,Hilliam,Hilton,Hines,Hing,Hinson,Hirst,Hitchcock,Hitchens,Hixon,Hixson,Hodgkinson,Hodgson,Hodierna,Hodnett,Hogan,Hogarth,Hoggan,Holborn,Holcomb,Holcombe,Holder,Holdsworth,Holiday,Holland,Holliday,Hollingsworth,Hollingworth,Hollinworth,Holloway,Holman,Holt,Holyfield,Hom,Homewood,Honeyball,Hood,Hooker,Hoole,Hooley,Hooper,Hope-Johnstone,Hopkin,Hopkins,Hopkinson,Hopton,Horler,Hornbuckle,Horner,Horniman,Hornsby,Horscroft,Hoskins,Hoskyns,Houchen,Householder,Houseman,Hovenden,How,Howard,Howe,Howell,Howfield,Hubbard,Huckabee,Hucker,Hudnall,Hudson,Hudspeth,Hueffer,Hughes,Humpherys,Humphrey,Hunnam,Hunt,Hunter,Huntington,Huntington-Whiteley,Huntsman,Hurndall,Hurst,Husbands,Hutchinson,Huxley,Huxtable,Hyde-White,Hyland,Hylton,Hylton-Foster,Hynds,Hynes,Ingersoll,Inglis,Ingpen,Ingram,Inskip,Iremonger,Irwin,Isler,Isley,Ivens,Jacklin,Jackson,Jacobs,Jacobson,Jantz,Jarvis,Jason,Jayes,Jeal,Jean,Jeffress,Jemison,Jenner,Jennings,Jent,Jephson,Jepson,Jessop,Jetton,Jewell,Jex-Blake,Jinkins,Jinkinson,Johns,Johnson,Johnston,Jolley,Jonas,Jones,Joplin,Jordison,Joseph,Jourdain,Jowett,Jupp,Kane,Kay,Keach,Kearns,Keate,Keaton,Keenum,Keers,Keeton,Keith,Keith-Lucas,Kellogg,Kells,Kelly,Kemp-Welch,Kendle,Kendrick,Kent,Kenyon,Keogan,Kersey,Kershaw,Kesteven,Ketchum,Kettle,Kettleborough,Keysor,Killick,Kinchen,King,Kingaby,Kinglake,Kington,Kirkland,Kitchen,Kitching,Kitt,Kitts,Klahn,Klayman,Knaggs,Knapp,Knickerbocker,Knight,Knott,Kolberg,Kovac,Kovacec,Kovacev,Kovacevic,Kovacevich,Kovacevski,Kovach,Kovachec,Kovachev,Kovachevich,Kovachevski,Kovachich,Kovachik,Kovacic,Kovacich,Kovacik,Kraabel,Krout,Kyle,Laidley,Lainson,Lake,Lamberth,Lambertson,Lamble,Lambson,Lamoreaux,Lamp,Lamphere,Lampkin,Lancaster,Lane,Lane Fox,Lang,Langford,Langton,Lapthorne,Lard,Laslett,Laster,Laughton,Launchbury,Law,Lawhead,Lawrenson,Laws,Lawson,Lawton,Lawyer,Layton,Leach,Leatherbarrow,Leatherwood,Leavitt,Ledger,Lees-Milne,Leftwich,Legum,Leighton,Leith-Ross,Lemer,Lennon,Lepley,Letchford,Lethbridge,Letlow,Leuty,Levett,Levick,Levingston,Levinson,Lewis,Leyton,Liddell,Light,Lightbody,Lightner,Lightoller,Lillard,Lillywhite,Lind,Lineker,Linfield,Linnell,Linney,Linwood,Lister,Liston,Little,Littlepage,Lively,Livingston,Lloyd Webber,Loar,Loates,Lobell,Locastro,Lock,Locke,Lockheart,Loder,Lolley,Longfield,Longstreet,Longuet-Higgins,Loomis,Loud,Love,Lovejoy,Lovell,Lovely,Loveridge,Lovett,Loving,Low,Lowe,Lowitt,Lucey,Luckinbill,Lucy,Ludington,Ludlam,Lukis,Lulham,Lum,Luntley,Luse,Lush,Lusher,Lyle,Lynch-Staunton,MacAndrew,MacAskill,Macaulay,MacAuley,MacAuliffe,Macbeth,MacCauley,MacCawley,MacCloud,MacFarlane,MacInnes,Mackall,Mackenzie,MacLachlan,MacLeod,MacTavish,Madden,Maddux,Maidment,Malgham,Malghum,Mallinson,Maltby,Malyon,Mandeville,Manford,Manly,Manning,Manville,Marchbank,Mark,Marnham,Marris,Marsden,Marsh,Marshall,Marson,Martin,Masland,Mason,Massengill,Massey,Masterson,Matterson,Matthews,Mattingly,Maxwell,May,Mayberry,Mayhall,Mayor,McAuley,McBeth,McCain,McCauley,McCawley,McCloud,McCouch,McCann,McGann,McGlothlin,McHatton,McHugh,McKeand,McKenna,McKeown,McLennan,McMillan,McMorrow,McNair-Wilson,McSorley,Meadows,Meale,Mebane,Medford,Medwin,Meggott,Melton,Melville,Mendenhall,Mercer,Merchant,Meriweather,Meriwether,Merrifield,Merriman,Merrington,Merritt,Michaelson,Michele,Michell,Michelmore,Middleton,Midgley,Midwinter,Mignogna,Mike-Mayer,Mileham,Miller,Milley,Milliman,Mills,Milner,Milnes,Milton,Minhinnick,Minogue,Minter,Mischke,Mitchell,Mitchison,Moat,Mobbs,Modesitt,Mollett,Mollison,Monk,Monroe,Monsell,Montagu,Montgomery,Monyn,Moore,Moore-Bick,Moorehouse,Moorhouse,Morden,Morehouse,Morris,Morrison,Morton,Mosley,Mossey,Mote,Mott,Moultrie,Mousley,Muggeridge,Mulgrew,Mullen,Muller,Mummery,Murgatroyd,Murnan,Murray,Mursell,Myers,Naismith,Nance,Napier,Nash,Nathan,Natt,Naudain,Neal,Nealey,Neilson,Nelmes,Nelson,Netter,Nettlefold,Nettles,New,Newbold,Newcomen,Newdigate,Newey,Newhook,Newhouse,Niccol,Nicholl,Nicholls,Nickson,Nicol,Nicolson,Nightingale,Nihill,Nixon,Noakes,Noble,Noe,Nolan,Norrington,Norris,Northcott,Northcutt,Northmore,Noseworthy,Noyce,Noyes,Nurse,Nutt,Nuttall,Nutter,O'Cawley,O'Dell,O'Farrell,Oakley,Oatway,O'Connor,Odell,O'Hagan,Oldfather,Oldridge,Orlebar,Orme,Orpen,Orr,Orton,Osborne,Ottley,Oughtred,Ousey,Overstreet,Oxley,Padden,Paddison,Padfield,Page,Paget,Paige,Painter,Palfrey,Palmer,Palmer-Tomkinson,Palmerston,Pancake,Pankey,Pappin,Parham,Park,Parker,Parkes,Parks,Parnell,Parrot,Parrott,Parson,Parsons,Passey,Passmore,Pastor,Pateman,Patrick,Pattinson,Paul,Paulson,Paxton,Payne,Paynter,Payton,Peabody,Pearson,Pegler,Pelham-Clinton,Pelham-Clinton-Hope,Pelphrey,Pemberton,Pendelton,Penfold,Penington,Penland,Pennington,Perch,Percival,Perks,Perry-Keene,Pertwee,Peters,Peterson,Petre,Pettiford,Pettigrew,Pettit,Pettitt,Petty,Peverett,Peyton-Jones,Phelps,Philipps,Philips,Phillipps,Phillips,Phipps,Phipson,Phoenix,Pickard-Cambridge,Pickavance,Pickett,Pidgeon,Pierce,Pike,Pilkington,Pinches,Pindell,Pinnington,Piper,Pipes,Pippen,Pitzen,Platt,Plumb,Plummer,Plunkett-Ernle-Erle-Drax,Podmore,Poe,Pointon,Poland,Pollock,Polmans,Pontifex,Ponting,Pool,Poore,Popham,Porter,Postlethwaite,Postlewait,Potter,Powel,Powell,Poynter,Prickett,Pride,Prime,Prindiville,Proudfoot,Provisor,Pulleine,Pun,Purdon,Purves,Pye,Pye-Smith,Pynchon,Pyne,Qualls,Quantrill,Quarrie,Quealy,Quelch,Querrey,Quickenden,Quill,Quilley,Quimby,Quinn,Quinnett,Quintrell,Rackham,Rainford,Rainforth,Rainsford,Rakestraw,Ramsey,Randall,Randel,Randolph,Ranford,Rasnick,Rateliff,Rathbone,Ratliff,Ravenscroft,Ravenshaw,Rawding,Rawling,Rawlings,Ray,Raycroft,Rayment,Raymer,Raymond,Rayner,Raynor,Reader,Reading,Rearick,Reckord,Record,Rector,Redding,Reddy,Redish,Redner,Reed,Reeder,Rees-Mogg,Reilley,Reinbold,Reiner,Rencher,Rendell,Renshaw,Renssalaer,Reston,Rex,Reynolds,Rice-Oxley,Richard,Richmond,Ridge,Ridgeway,Ridgway,Ridings,Riehle,Rigg,Riggs,Ritson,Rixon,Roberts,Robertshaw,Robertson,Robinson,Robson,Rodham,Rolland,Rollings,Rolt,Romney,Rood,Roper,Rose,Rosena,Ross,Roth,Roughead,Round,Rouse,Rowan,Rowbotham,Rowell,Rowlandson,Rowlings,Roy,Roylance,Rudner,Ruffer,Ruggles-Brise,Runcie,Rundle,Rushforth,Russell,Rutherford,Rutter,Ryan,Ryeland,Rykener,Saffer,Sage,Salem,Sales,Salmon,Salmons,Salthouse,Saltman,Sammon,Sammons,Sanders,Sanderson,Sandridge,Sands,Sappleton,Sarchet,Sargood,Sassaman,Satterly,Sawyer,Saxby,Saxon,Sayles,Scaife,Schreider,Scoggins,Scott-Elliot,Scotten,Scriver,Scrubb,Scruton,Scudamore-Stanhope,Seabaugh,Seaborn,Seacole,Seals,Sedgemore,Seedsman,Sellman,Sergeant,Seton-Watson,Severin,Seymour,Seymour-Conway,Shairp,Shalders,Shankland,Shapcott,Sharland,Sharp,Sharpe,Sharrock,Shave,Shaw,Shawcross,Shearman,Sheldon,Shepherd,Shepherd-Barron,Sheridan,Sherman,Sherry,Shersby,Sherwood,Shipston,Shipton,Shipway,Shoemaker,Shoesmith,Shorrock,Short,Shovelton,Shown,Shrubb,Shum,Shurtleff,Shuttleworth,Sibley,Sickler,Sidebottom,Sidney,Silk,Simm,Simon,Simons,Simpson,Sims,Simson,Sinclair,Singer,Sitwell,Siviter,Skaife,Skeete,Skelly,Skey,Skillern,Skilling,Skillings,Skippon,Slaight,Slaughter,Sleeman,Slocumb,Slowey,Smallman,Smedley-Aston,Smith,Smithers,Smithies,Smithson,Smurthwaite,Snowden,Somers,Sorey,Sorley,Sosebee,Soulsby,Southcott,Souttar,Spackman,Spain,Spalding,Sparks,Sparrow,Spaulding,Speakes,Speke,Spenceley,Spencer,Spencer-Churchill,Spencer-Nairn,Spencer-Smith,Spicer,Spickernell,Spiering,Spittle,Spooner,Spratt,Sproson,Squire,Squires,Stackhouse,Staggers,Stallworth,Stallybrass,Stanbury,Standing,Stanfield,Stanley,Stansfeld,Stanton,Stark,Starkey,Starks,Staunton,Stebbins,Stembridge,Stephens,Stephenson,Stepney,Stern,Stetson,Stevens,Stevenson,Stilley,Stobart,Stockton,Stone,Stonehouse,Stookey,Stough,Strahorn,Strawberry,Strefling,Strevens,Stringfellow,Stroud,Strudwick,Stuart,Stubbs,Stuckey,Sturgeon,Sturgess,Sturridge,Stuttaford,Sugrue,Summerfield,Summitt,Sumner,Swaine,Swales,Swan,Swanston,Swanton,Sweeney,Sweet-Escott,Sweetman,Swinburne,Swinnerton,Swinton,Swynnerton,Sydney,Taft,Talbot,Talfourd,Tanner,Tanqueray,Tate,Tatro,Taylor-Johnson,Tazewell,Teagarden,Teasley,Tebb,Tebbetts,Tebbutt,Teed,Teresi,Tewksbury,Thackeray,Thaxter,Thaxton,Theodore,Thicknesse,Thimbleby,Thirdkill,Thiselton-Dyer,Thomas,Thompson,Thomson,Thorn,Thornhill,Thornton,Thorpe,Thrasher,Threlkeld,Thring,Thruston,Thubron,Thwaite,Tibbals,Tibbets,Tibbett,Tibbetts,Tibbs,Tichenor,Tickner,Ticknor,Tidwell,Tidy,Tiffany,Tiffen,Tilby,Tillard,Tilley,Tincknell,Tinling,Tinnin,Tinsley,Tinworth,Tittle,Tollemache,Tomlinson,Tompson,Toner,Tonra,Toogood,Topp,Topping,Torbett,Torney,Townsend,Towry,Tozer,Trafford,Travers,Traviss,Traynor,Trenholm,Trevanion,Trevor-Roper,Treweek,Trimingham,Trippier,Tritton,Trollope,Trotman,Trout,Troutman,Trull,Trump,Truss,Tubbs,Tucker,Tuckey,Tuckman,Turnbull,Turville-Petre,Tuson,Tuttle,Tutton,Twelvetrees,Twentyman,Twort,Twyman,Tylecote,Tyndale,Tyndall,Tyrwhitt,Tyrwhitt-Drake,Tyson,Ultan,Umpleby,Underhill,Upchurch,Updike,Upshaw,Upton,Urie,Vachell,Vail,Vale,Vann,Vannoy,Vaughan-Lee,Veal,Venables,Verey,Vickers,Vince,Vincent,Virgo,Voaden,Voyle,Voyles,Waddilove,Wadding,Waddingham,Waddington,Wadsworth,Wagler,Wainwright,Wakeford,Wakeham,Wakeling,Walden,Wale,Wales,Walker,Wall,Wallage,Walle,Waller-Bridge,Wallis,Wallman,Warboys,Warburton,Ward,Warnock,Warren,Warwick,Washington,Wasson,Watchorn,Waterfield,Waterhouse,Waters,Wathey,Watkin,Watkins,Watkinson,Watling,Watrous,Watson,Watt,Watters,Wattis,Watts,Waugh,Way,Weatherwax,Weaver,Webber,Webster,Weeks,Welbourn,Welchman,Weller,Wellington,Welliver,Wells,Wellstone,Welsh,Wenham,Wentworth,Werkheiser,Westcott,Westfield,Westgate,Westmoreland,Weston,Wharton,Wheatley,Wheeler,Wheelwright,Whetten,Whibley,Whidden,Whipp,Whitaker,White,Whiteford,Whitelaw,Whiteside,Whitesides,Whiteway,Whitney,Whittaker,Whittemore,Whittington,Whitworth,Whybrow,Whyte,Wick,Wickens,Wicks,Wickstead,Wickwar,Wiersema,Wigg,Wightman,Wilbourn,Wilbur,Wilde,Wilderspin,Wilk,Wilkie,Willard,Willett,Williams,Williamson,Willing,Wilmut,Wilshere,Wilson,Wimshurst,Wind,Windeatt,Winder,Windle,Windley,Windross,Windsor-Clive,Winkles,Winman,Winmill,Winrow,Winslade,Winslet,Winslow,Winter,Winterburn,Wintle,Wise,Witherow,Witherspoon,Withrow,Witting,Wix,Wixom,Wodefold,Woghere,Wolfe,Wolfenden,Wolfwood,Wood,Woodard,Woodcock,Woodger,Woodrow,Woodson,Woodville,Woolery,Woolf,Woolley,Worboys,Wordsworth,Workman,Worland,Wornum,Worrall,Worrell,Wotherspoon,Wreford-Brown,Wren-Lewis,Wright,Wright-Phillips,Wrightsman,Wrinch,Wrobleski,Wyness,Yabsley,Yarborough,Yarde,Yarranton,Yawson,Yeager,Yeakel,Yeary,Yelling,Yeo,Yerburgh,Yoe,Yonge,Youlden,Young,Younge,Youngman,Yount,Yung,Zeal,Zigler